{
  "mean": [
    0.47733546042922964,
    0.49294648092497095,
    0.4236958302210627
  ],
  "std": [
    0.23654072027605014,
    0.23186643898599885,
    0.27054473549777897
  ]
}